risk_group,users,actual_churn_rate,avg_predicted_churn_probability,avg_activity_days,avg_driving_days,avg_tenure_days,avg_sessions,avg_drives
Lowest Risk,3575,0.0129,0.0859,24.893146853146852,20.14937062937063,2189.434965034965,72.37902097902098,60.55804195804196
Lower-Mid Risk,3575,0.0257,0.2066,19.10181818181818,15.121398601398601,1803.4173426573427,76.59328671328672,63.96055944055944
Upper-Mid Risk,3574,0.1416,0.3845,12.353945159485171,9.386961387800783,1671.3447118074987,83.16284275321769,69.27196418578623
Highest Risk,3575,0.5292,0.6452,5.828811188811189,4.071608391608391,1343.0704895104896,90.36083916083916,75.23328671328672
